content_id,channel_id,views,likes,published_date
55X1Nh_oEP0,UC_x5XG1OV2P6uZZ5FSM9Ttw,3961,40,2026-02-25
HgTwHGG9vnU,UC_x5XG1OV2P6uZZ5FSM9Ttw,11684,306,2026-02-24
egtem2SkpIg,UC_x5XG1OV2P6uZZ5FSM9Ttw,4608,56,2026-02-23
cHf77OKXvIU,UC_x5XG1OV2P6uZZ5FSM9Ttw,3731,79,2026-02-21
mQUpaaU02DM,UC_x5XG1OV2P6uZZ5FSM9Ttw,9942,390,2026-02-18
-q2n5DkDoMQ,UC4QZ_LsYcvcq7qOsOhpAX4A,1794414,69121,2026-02-21
jRcqJkW44Lc,UC4QZ_LsYcvcq7qOsOhpAX4A,565792,25160,2026-01-31
nKocyzMO7nI,UC4QZ_LsYcvcq7qOsOhpAX4A,531369,18882,2026-01-20
ghY78-yWr7o,UC4QZ_LsYcvcq7qOsOhpAX4A,968997,37897,2025-12-23
4JxUSGub_t0,UC4QZ_LsYcvcq7qOsOhpAX4A,506871,15750,2025-12-19
zKjo8Oc2qLk,UC4QZ_LsYcvcq7qOsOhpAX4A,2373198,99047,2025-12-11
ntPGl8UyIq4,UC4QZ_LsYcvcq7qOsOhpAX4A,1296779,38004,2025-12-03
GPcdighO0eU,UC4QZ_LsYcvcq7qOsOhpAX4A,619594,23327,2025-11-27
BN9zz2O6jcw,UC4QZ_LsYcvcq7qOsOhpAX4A,385445,13225,2025-11-25
Ul6_QPfoVHg,UC4QZ_LsYcvcq7qOsOhpAX4A,931121,28073,2025-11-11
shB7wRZ2h5Y,UC4QZ_LsYcvcq7qOsOhpAX4A,258517,11226,2025-11-07
Za_R6h89iS8,UC4QZ_LsYcvcq7qOsOhpAX4A,650857,24954,2025-10-28
O0lpnsuR0Ik,UC4QZ_LsYcvcq7qOsOhpAX4A,796019,22266,2025-10-22
QX1Xwzm9yHY,UC4QZ_LsYcvcq7qOsOhpAX4A,1787320,63750,2025-09-30
yVc2ZhECTMg,UC4QZ_LsYcvcq7qOsOhpAX4A,909370,32237,2025-08-13
QYA9i0KC0tE,UC4QZ_LsYcvcq7qOsOhpAX4A,933974,30008,2025-08-06
CGSFRCeH3dw,UC4QZ_LsYcvcq7qOsOhpAX4A,380226,13659,2025-07-21
h5IteCKxNj4,UC4QZ_LsYcvcq7qOsOhpAX4A,271139,8189,2025-07-17
d1TpqmQ0I7U,UC4QZ_LsYcvcq7qOsOhpAX4A,980834,31351,2025-06-22
elfCDnMx3Ug,UC4QZ_LsYcvcq7qOsOhpAX4A,1121210,32156,2025-06-12
_uNdC4ryd8g,UC4QZ_LsYcvcq7qOsOhpAX4A,557105,18401,2025-06-03
QyOCZY-kV_M,UC4QZ_LsYcvcq7qOsOhpAX4A,721738,19281,2025-05-27
rSTrXfu_vJw,UC4QZ_LsYcvcq7qOsOhpAX4A,564493,18406,2025-05-04
iqVhUX4Vel8,UC4QZ_LsYcvcq7qOsOhpAX4A,1094800,44019,2025-04-28
unMXvnY2FNM,UC4QZ_LsYcvcq7qOsOhpAX4A,1575659,59710,2025-04-15
f7cuOS7nmDY,UC4QZ_LsYcvcq7qOsOhpAX4A,227397,11400,2025-03-31
S1_hEhoNCQw,UC4QZ_LsYcvcq7qOsOhpAX4A,437741,12944,2025-03-24
zeYySXlo8js,UC4QZ_LsYcvcq7qOsOhpAX4A,313225,11655,2025-03-02
oUKObLa5TRk,UC4QZ_LsYcvcq7qOsOhpAX4A,791601,23789,2025-02-20
hd1-CKDyHXE,UC4QZ_LsYcvcq7qOsOhpAX4A,714173,22365,2025-02-11
-KK8SuvwoRQ,UC4QZ_LsYcvcq7qOsOhpAX4A,1119358,36292,2025-01-29
20eebO8zBYk,UC4QZ_LsYcvcq7qOsOhpAX4A,451080,14226,2024-12-30
7aExnZ-1eHY,UC4QZ_LsYcvcq7qOsOhpAX4A,344143,14831,2024-12-08
ar1sCqwAvAs,UC4QZ_LsYcvcq7qOsOhpAX4A,3512320,67930,2024-11-23
Y3gSrXgGXso,UC4QZ_LsYcvcq7qOsOhpAX4A,2902995,72432,2024-11-10
NX6YgvXlTAU,UC4QZ_LsYcvcq7qOsOhpAX4A,805825,24709,2024-10-15
wdxtnRdHo-E,UC4QZ_LsYcvcq7qOsOhpAX4A,232715,8693,2024-09-30
7Olo7B2ZydI,UC4QZ_LsYcvcq7qOsOhpAX4A,531887,23849,2024-09-24
wAgDicfEWFY,UC4QZ_LsYcvcq7qOsOhpAX4A,578863,19218,2024-09-19
x0UkcjTWIOQ,UC4QZ_LsYcvcq7qOsOhpAX4A,765255,22478,2024-09-09
RfCKdc1ACXA,UC4QZ_LsYcvcq7qOsOhpAX4A,859271,24791,2024-08-25
smyZdtGD2ds,UC4QZ_LsYcvcq7qOsOhpAX4A,819434,32272,2024-08-15
1IsZribF2EQ,UC4QZ_LsYcvcq7qOsOhpAX4A,1562202,34606,2024-07-31
6IZe7KjIJg4,UC4QZ_LsYcvcq7qOsOhpAX4A,945123,44871,2024-07-16
zKY1EzNqLDY,UC4QZ_LsYcvcq7qOsOhpAX4A,1904108,58704,2024-06-30
orExp2n_QJM,UC4QZ_LsYcvcq7qOsOhpAX4A,1084862,22322,2024-06-29
vhaaQUE7jNk,UC4QZ_LsYcvcq7qOsOhpAX4A,341657,13530,2024-06-20
QwAYJPjW2gI,UC4QZ_LsYcvcq7qOsOhpAX4A,541045,17343,2024-06-08
GLD6chdFjA0,UC4QZ_LsYcvcq7qOsOhpAX4A,1792595,70300,2024-05-28
ID5tc61iksY,UC4QZ_LsYcvcq7qOsOhpAX4A,630340,23310,2024-05-20
d0ai33oqqDE,UCYO_jab_esuFRV4b17AJtAw,716450,22259,2026-02-18
7gG91SZwBoE,UCYO_jab_esuFRV4b17AJtAw,763167,21922,2026-02-16
BHdbsHFs2P0,UCYO_jab_esuFRV4b17AJtAw,2328585,71656,2026-01-31
t3jZ2xGOvYg,UCYO_jab_esuFRV4b17AJtAw,714914,16373,2026-01-16
FE-hM1kRK4Y,UCYO_jab_esuFRV4b17AJtAw,626895,21730,2025-11-05
bnjKwiUg-kw,UCYO_jab_esuFRV4b17AJtAw,1130019,40818,2025-10-12
j0wJBEZdwLs,UCYO_jab_esuFRV4b17AJtAw,1320401,44418,2025-10-12
-j8PzkZ70Lg,UCYO_jab_esuFRV4b17AJtAw,865966,35006,2025-10-05
M-MgQC6z3VU,UCYO_jab_esuFRV4b17AJtAw,674683,23933,2025-09-18
1lZpowy21Gc,UCYO_jab_esuFRV4b17AJtAw,222880,8642,2025-09-07
_BrFKp-U8GI,UCYO_jab_esuFRV4b17AJtAw,457504,18961,2025-09-07
itRV2jEtV8Q,UCYO_jab_esuFRV4b17AJtAw,415643,15318,2025-08-28
j5h9dBtWZXM,UCYO_jab_esuFRV4b17AJtAw,99656,3323,2025-08-21
4NlrfOl0l8U,UCYO_jab_esuFRV4b17AJtAw,387581,21256,2025-08-17
iv-5mZ_9CPY,UCYO_jab_esuFRV4b17AJtAw,1644366,56543,2025-07-25
Dlsa9EBKDGI,UCYO_jab_esuFRV4b17AJtAw,611583,25172,2025-05-04
RQWpF2Gb-gU,UCYO_jab_esuFRV4b17AJtAw,3144937,85537,2025-04-30
XX8mjBXBqz8,UCYO_jab_esuFRV4b17AJtAw,1327323,36366,2025-04-30
aQwEJKWATlE,UCYO_jab_esuFRV4b17AJtAw,178119,4402,2025-04-20
aw-8BhCilj0,UCYO_jab_esuFRV4b17AJtAw,410274,19421,2025-04-08
M6LUPYsjods,UCYO_jab_esuFRV4b17AJtAw,2301548,96321,2025-04-07
mHya9J9pkq4,UCYO_jab_esuFRV4b17AJtAw,287688,12274,2025-03-27
C8baNzpnZ7o,UCYO_jab_esuFRV4b17AJtAw,2664038,155883,2025-03-26
6dTyOl1fmDo,UCYO_jab_esuFRV4b17AJtAw,5150451,113997,2025-03-13
TZAC0WFemvE,UCYO_jab_esuFRV4b17AJtAw,2372870,142075,2025-02-28
YP1mMXRCnaI,UCYO_jab_esuFRV4b17AJtAw,1312921,93531,2025-02-27
gzbFNnTCkqQ,UCYO_jab_esuFRV4b17AJtAw,1387892,75729,2025-02-26
drmphB3rdHY,UCYO_jab_esuFRV4b17AJtAw,132787,7563,2025-02-25
hFMaT9oRbs4,UCYO_jab_esuFRV4b17AJtAw,1381248,54976,2025-02-23
9s0srZneJ38,UCYO_jab_esuFRV4b17AJtAw,277855,10703,2025-02-12
YdOXS_9_P4U,UCYO_jab_esuFRV4b17AJtAw,4549432,131342,2025-02-08
uT4-WVa-YfU,UCYO_jab_esuFRV4b17AJtAw,580971,31799,2025-02-08
K-pGGb0f3tc,UCYO_jab_esuFRV4b17AJtAw,1250450,73720,2025-01-30
0TdBP9m4R74,UCYO_jab_esuFRV4b17AJtAw,895718,53509,2025-01-06
zxOK2vKVfQM,UCYO_jab_esuFRV4b17AJtAw,2326954,112243,2024-12-29
DgMhayP2NPU,UCYO_jab_esuFRV4b17AJtAw,596552,33709,2024-12-26
LuVUnd0C07U,UCYO_jab_esuFRV4b17AJtAw,4403543,198335,2024-12-24
IQqtsm-bBRU,UCYO_jab_esuFRV4b17AJtAw,2078531,70105,2024-12-24
y9BK--OxZpY,UCYO_jab_esuFRV4b17AJtAw,893302,57076,2024-11-24
LPZh9BOjkQs,UCYO_jab_esuFRV4b17AJtAw,5314883,163116,2024-11-20
qSn8dVI9V5I,UCYO_jab_esuFRV4b17AJtAw,475247,22764,2024-11-20
nAT-MCsJeik,UCYO_jab_esuFRV4b17AJtAw,1329965,75135,2024-11-19
EPDZTLavmcg,UCYO_jab_esuFRV4b17AJtAw,1502477,96352,2024-11-17
LOulCFdVOGY,UCYO_jab_esuFRV4b17AJtAw,202707,13788,2024-11-16
JNVZK4ofW-Y,UCYO_jab_esuFRV4b17AJtAw,527679,42426,2024-11-15
0W243LGSJFU,UCYO_jab_esuFRV4b17AJtAw,246565,11342,2024-11-13
Pny70rNPJLk,UCYO_jab_esuFRV4b17AJtAw,1701555,123294,2024-11-12
piJkuavhV50,UCYO_jab_esuFRV4b17AJtAw,1632214,60518,2024-11-08
KHEtJUlpqcg,UCYO_jab_esuFRV4b17AJtAw,198782,11234,2024-11-04
